<?xml version="1.0" encoding="UTF-8"?>
<project-private xmlns="http://www.netbeans.org/ns/project-private/1">
    <editor-bookmarks xmlns="http://www.netbeans.org/ns/editor-bookmarks/2" lastBookmarkId="0"/>
    <open-files xmlns="http://www.netbeans.org/ns/projectui-open-files/2">
        <group>
            <file>file:/C:/Users/liewj/OneDrive/Documents/Java_CompletedUI/src/classes/Customer.java</file>
            <file>file:/C:/Users/liewj/OneDrive/Documents/Java_CompletedUI/src/txt_files/customer.txt</file>
            <file>file:/C:/Users/liewj/OneDrive/Documents/Java_CompletedUI/src/Forms/Booking_auditorium.java</file>
            <file>file:/C:/Users/liewj/OneDrive/Documents/Java_CompletedUI/src/Forms/Task_Scheduler.java</file>
            <file>file:/C:/Users/liewj/OneDrive/Documents/Java_CompletedUI/src/Forms/Manager_Dashboard.java</file>
            <file>file:/C:/Users/liewj/OneDrive/Documents/Java_CompletedUI/src/Forms/Hall_add.java</file>
            <file>file:/C:/Users/liewj/OneDrive/Documents/Java_CompletedUI/src/Forms/MyBookings_Customer.java</file>
            <file>file:/C:/Users/liewj/OneDrive/Documents/Java_CompletedUI/src/Forms/Tasks_progress.java</file>
            <file>file:/C:/Users/liewj/OneDrive/Documents/Java_CompletedUI/src/classes/super_class.java</file>
            <file>file:/C:/Users/liewj/OneDrive/Documents/Java_CompletedUI/src/Forms/Hall_view.java</file>
            <file>file:/C:/Users/liewj/OneDrive/Documents/Java_CompletedUI/src/Forms/View_Customer.java</file>
            <file>file:/C:/Users/liewj/OneDrive/Documents/Java_CompletedUI/src/classes/Scheduler.java</file>
            <file>file:/C:/Users/liewj/OneDrive/Documents/Java_CompletedUI/src/Forms/Delete_Customers.java</file>
            <file>file:/C:/Users/liewj/OneDrive/Documents/Java_CompletedUI/src/Forms/Delete_Staff.java</file>
            <file>file:/C:/Users/liewj/OneDrive/Documents/Java_CompletedUI/src/Forms/Staff_Management.java</file>
            <file>file:/C:/Users/liewj/OneDrive/Documents/Java_CompletedUI/src/Forms/Feedback_cust.java</file>
            <file>file:/C:/Users/liewj/OneDrive/Documents/Java_CompletedUI/src/txt_files/admin.txt</file>
            <file>file:/C:/Users/liewj/OneDrive/Documents/Java_CompletedUI/src/Forms/Manager_sales.java</file>
            <file>file:/C:/Users/liewj/OneDrive/Documents/Java_CompletedUI/src/Forms/Invoice_Card.java</file>
            <file>file:/C:/Users/liewj/OneDrive/Documents/Java_CompletedUI/src/Forms/Admin_Dashboard.java</file>
            <file>file:/C:/Users/liewj/OneDrive/Documents/Java_CompletedUI/src/Forms/Customer_Dashboard.java</file>
            <file>file:/C:/Users/liewj/OneDrive/Documents/Java_CompletedUI/src/classes/Admin.java</file>
            <file>file:/C:/Users/liewj/OneDrive/Documents/Java_CompletedUI/src/txt_files/available.txt</file>
            <file>file:/C:/Users/liewj/OneDrive/Documents/Java_CompletedUI/src/Forms/Login.java</file>
            <file>file:/C:/Users/liewj/OneDrive/Documents/Java_CompletedUI/src/Forms/Update_profile.java</file>
            <file>file:/C:/Users/liewj/OneDrive/Documents/Java_CompletedUI/src/classes/Hall.java</file>
            <file>file:/C:/Users/liewj/OneDrive/Documents/Java_CompletedUI/src/Forms/Hall_delete.java</file>
            <file>file:/C:/Users/liewj/OneDrive/Documents/Java_CompletedUI/src/classes/Feedbacks.java</file>
            <file>file:/C:/Users/liewj/OneDrive/Documents/Java_CompletedUI/src/Forms/Bookings_Customer.java</file>
            <file>file:/C:/Users/liewj/OneDrive/Documents/Java_CompletedUI/src/Forms/My_bookings_upcoming.java</file>
            <file>file:/C:/Users/liewj/OneDrive/Documents/Java_CompletedUI/src/Forms/Bill.java</file>
            <file>file:/C:/Users/liewj/OneDrive/Documents/Java_CompletedUI/src/Forms/Scheduler_Dashboard.java</file>
            <file>file:/C:/Users/liewj/OneDrive/Documents/Java_CompletedUI/src/txt_files/feedbacks.txt</file>
            <file>file:/C:/Users/liewj/OneDrive/Documents/Java_CompletedUI/src/Forms/Hall_Management.java</file>
            <file>file:/C:/Users/liewj/OneDrive/Documents/Java_CompletedUI/src/classes/Manager.java</file>
            <file>file:/C:/Users/liewj/OneDrive/Documents/Java_CompletedUI/src/Forms/Hall_edit.java</file>
            <file>file:/C:/Users/liewj/OneDrive/Documents/Java_CompletedUI/src/Forms/Booking_banquet_hall.java</file>
            <file>file:/C:/Users/liewj/OneDrive/Documents/Java_CompletedUI/src/Forms/Customer_Management.java</file>
            <file>file:/C:/Users/liewj/OneDrive/Documents/Java_CompletedUI/src/txt_files/maintenance.txt</file>
            <file>file:/C:/Users/liewj/OneDrive/Documents/Java_CompletedUI/src/Forms/Availability_Scheduler.java</file>
            <file>file:/C:/Users/liewj/OneDrive/Documents/Java_CompletedUI/src/txt_files/hall.txt</file>
            <file>file:/C:/Users/liewj/OneDrive/Documents/Java_CompletedUI/src/Forms/Edit_staff.java</file>
            <file>file:/C:/Users/liewj/OneDrive/Documents/Java_CompletedUI/src/classes/Schedule.java</file>
            <file>file:/C:/Users/liewj/OneDrive/Documents/Java_CompletedUI/src/Forms/View_Staff.java</file>
            <file>file:/C:/Users/liewj/OneDrive/Documents/Java_CompletedUI/src/Forms/Payment_Loading.java</file>
            <file>file:/C:/Users/liewj/OneDrive/Documents/Java_CompletedUI/src/Forms/Registration_Cust.java</file>
            <file>file:/C:/Users/liewj/OneDrive/Documents/Java_CompletedUI/src/classes/Sales.java</file>
            <file>file:/C:/Users/liewj/OneDrive/Documents/Java_CompletedUI/src/txt_files/tasks.txt</file>
            <file>file:/C:/Users/liewj/OneDrive/Documents/Java_CompletedUI/src/classes/Utility.java</file>
            <file>file:/C:/Users/liewj/OneDrive/Documents/Java_CompletedUI/src/txt_files/schedule.txt</file>
            <file>file:/C:/Users/liewj/OneDrive/Documents/Java_CompletedUI/src/txt_files/bookings.txt</file>
            <file>file:/C:/Users/liewj/OneDrive/Documents/Java_CompletedUI/src/txt_files/manager.txt</file>
            <file>file:/C:/Users/liewj/OneDrive/Documents/Java_CompletedUI/src/Forms/Admin_past_booking.java</file>
            <file>file:/C:/Users/liewj/OneDrive/Documents/Java_CompletedUI/src/Forms/Booking_meeting_room.java</file>
            <file>file:/C:/Users/liewj/OneDrive/Documents/Java_CompletedUI/src/Forms/Registration_Staff.java</file>
            <file>file:/C:/Users/liewj/OneDrive/Documents/Java_CompletedUI/src/Forms/Loading.java</file>
            <file>file:/C:/Users/liewj/OneDrive/Documents/Java_CompletedUI/src/classes/Bookings.java</file>
            <file>file:/C:/Users/liewj/OneDrive/Documents/Java_CompletedUI/src/Forms/A_M.java</file>
            <file>file:/C:/Users/liewj/OneDrive/Documents/Java_CompletedUI/src/Forms/My_bookings_past.java</file>
            <file>file:/C:/Users/liewj/OneDrive/Documents/Java_CompletedUI/src/txt_files/scheduler.txt</file>
        </group>
    </open-files>
</project-private>
